insert into dbo.county(code, name) values
('01', 'Adams'),
('02', 'Ashland'),
('03', 'Barron'),
('04', 'Bayfield'),
('05', 'Brown'),
('06', 'Buffalo'),
('07', 'Burnett'),
('08', 'Calumet'),
('09', 'Chippewa'),
('10', 'Clark'),
('11', 'Columbia'),
('12', 'Crawford'),
('13', 'Dane'),
('14', 'Dodge'),
('15', 'Door'),
('16', 'Douglas'),
('17', 'Dunn'),
('18', 'Eau Claire'),
('19', 'Florence'),
('20', 'Fond du Lac'),
('21', 'Forest'),
('22', 'Grant'),
('23', 'Green'),
('24', 'Green Lake'),
('25', 'Iowa'),
('26', 'Iron'),
('27', 'Jackson'),
('28', 'Jefferson'),
('29', 'Juneau'),
('30', 'Kenosha'),
('31', 'Kewaunee'),
('32', 'La Crosse'),
('33', 'Lafayette'),
('34', 'Langlade'),
('35', 'Lincoln'),
('36', 'Manitowoc'),
('37', 'Marathon'),
('38', 'Marinette'),
('39', 'Marquette'),
('40', 'Milwaukee'),
('41', 'Monroe'),
('42', 'Oconto'),
('43', 'Oneida'),
('44', 'Outagamie'),
('45', 'Ozaukee'),
('46', 'Pepin'),
('47', 'Pierce'),
('48', 'Polk'),
('49', 'Portage'),
('50', 'Price'),
('51', 'Racine'),
('52', 'Richland'),
('53', 'Rock'),
('54', 'Rusk'),
('55', 'St. Croix'),
('56', 'Sauk'),
('57', 'Sawyer'),
('58', 'Shawano'),
('59', 'Sheboygan'),
('60', 'Taylor'),
('61', 'Trempealeau'),
('62', 'Vernon'),
('63', 'Vilas'),
('64', 'Walworth'),
('65', 'Washburn'),
('66', 'Washington'),
('67', 'Waukesha'),
('68', 'Waupaca'),
('69', 'Waushara'),
('70', 'Winnebago'),
('71', 'Wood'),
('72', 'Out-of-State'),
('73', 'Menominee Nations');

insert into dbo.Offering(code, title, description) values
('ALG100', 'Algebra 100', 'Pre-requisite class for all math'),
('CALC100', 'Calculus 100', 'Calculus level 1'),
('CALC200', 'Calculus 200', 'Calculus level 2'),
('CALC300', 'Calculus 300', 'Calculus level 3'),
('CALC400', 'Calculus 400', 'Calculus level 4'),
('STAT100', 'Statistics 100', 'Statistics level 1');

insert into dbo.Status(description) values
('Approved'),
('Not Approved'),
('Approval in progress');

insert into dbo.Director(name) values
('Dumbledore'),
('Gandalf'),
('Obi-Wan Kenobe'),
('Mr. Miyagi'),
('Inigo Montoya');

insert into dbo.offeringdetail(offeringid, countyid, directorid, statusid, year) values
(1, 13, 1, 1, 2021),
(2, 13, 1, 1, 2021),
(3, 13, 1, 3, 2021),
(4, 13, 1, 2, 2021),
(5, 13, 1, 2, 2021),
(6, 13, 1, 1, 2021),
(1, 40, 2, 1, 2021),
(2, 40, 2, 1, 2021),
(3, 40, 2, 3, 2021),
(4, 40, 2, 2, 2021),
(5, 40, 2, 2, 2021),
(6, 40, 2, 1, 2021),
(1, 15, 3, 1, 2021),
(2, 15, 3, 1, 2021),
(3, 15, 3, 2, 2021),
(4, 15, 3, 2, 2021),
(5, 15, 3, 2, 2021),
(6, 15, 3, 1, 2021),
(1, 23, 4, 1, 2021),
(2, 23, 4, 2, 2021),
(3, 23, 4, 2, 2021),
(4, 23, 4, 2, 2021),
(5, 23, 4, 2, 2021),
(6, 23, 4, 1, 2021),
(1, 1, 5, 1, 2021),
(2, 1, 5, 3, 2021),
(3, 1, 5, 2, 2021),
(4, 1, 5, 2, 2021),
(5, 1, 5, 2, 2021),
(6, 1, 5, 1, 2021);